﻿Designator,Footprint,Quantity,Value,LCSC Part #
AC1,LGA-14_2.5X3X0.86_,1,LSM6DSOTR,
"C1, C2, C33, C42, C50, C51",0402,6,1µF,
"C10, C3, C4, C5, C6, C7, C8",0402,7,100nF,C307331
"C11, C12",0402,2,1µF,C52923
"C13, C14, C15, C16, C17, C18, C19, C20, C21, C22, C23, C24, C25, C26, C27, C28, C29, C30, C31, C32, C34, C35, C36, C37, C38, C39, C40, C41, C43, C44, C45, C46, C47, C48",0402,34,150pF,
"C49, C52",0402,2,10µF,
"C53, C54, C57, C58",0402,4,100nF,
C56,0402,1,220nF,
C9,0402,1,10µF,
F1,1206,1,ASMD1206-150,C135341
"IC1, IC3",SOP50P640X120-38N,2,ADS7953SDBT,
"IC2, IC4",SOIC127P600X175-8N,2,REF5025ID,
IC5,SOT230P700X180-4N,1,ADP3338AKCZ-5-REEL,
J1,USB_C_Receptacle_HRO_TYPE-C-31-M-12,1,USB_C_Receptacle_USB2.0,
"J10, J11, J12, J13, J14, J2, J6, J8, J9",JST_PH_B4B-PH-K_1x04_P2.00mm_Vertical,9,Conn_01x04_MountingPin,
"J15, J16, J4, J5",Molex_PicoBlade_53047-0210_1x02_P1.25mm_Vertical,4,Conn_01x02,
L1,1206,1,60R@100MHz,C33600
"R1, R6, R7",0603,3,10k,
"R2, R3",0603,2,5.1k,
"R4, R5",0603,2,100,
"S1, S2",SKQGAKE010,2,SKQGABE010,
U1,LQFP-48_7x7mm_P0.5mm,1,STM32F072CBT6,
"U2, U5",SOIC127P600X175-8N,2,OPA192ID,
U3,SOT-143,1,PRTR5V0U2X,C2827688
U4,SOT-23,1,XC6206PxxxMR-Regulator_Linear,C5446
U6,Sensirion_DFN-4_1.5x1.5mm_P0.8mm_SHT4x_NoCentralPad,1,SHT4x,
U7,LGA-12_2x2mm_P0.5mm,1,LIS3MDL,
